NodeId,AverageThroughputKbps,AverageGoodputKbps
0,7.21215,7.21215
1,7.21102,7.21102
2,7.21189,7.21189
3,7.21136,7.21136
4,7.21172,7.21172
